ClusterInformation,Key,listing_title,listing_price
2,"Prams, Cots & Equipment :  City of Cape Town",Angel care diaper bin,200.0
1,"Prams, Cots & Equipment :  City of Cape Town",Stokke Cot + Stokke Changer R12 500 immaculate!,12500.0
2,"Prams, Cots & Equipment :  City of Cape Town",Children's Bedroom set from Treehouse,3000.0
3,"Prams, Cots & Equipment :  City of Cape Town",Camp cot,500.0
2,"Prams, Cots & Equipment :  City of Cape Town",playmat,200.0
2,"Prams, Cots & Equipment :  City of Cape Town",Chelino urban detour travel system,2000.0
4,"Prams, Cots & Equipment :  City of Cape Town",Chelino Sports car seat,690.0
3,"Prams, Cots & Equipment :  City of Cape Town",Graco camp cot,749.0
4,"Prams, Cots & Equipment :  City of Cape Town",Car seats/booser seats,1234.0
4,"Prams, Cots & Equipment :  City of Cape Town",Car Seat for Sale,500.0
2,"Prams, Cots & Equipment :  City of Cape Town",Angelcare movement & sound baby monitor - excellent condition,900.0
2,"Prams, Cots & Equipment :  City of Cape Town",2 good quality tab top pink curtains for sale,150.0
3,"Prams, Cots & Equipment :  City of Cape Town",Winnie the pooh cot mobile,350.0
4,"Prams, Cots & Equipment :  City of Cape Town",Graco Ultima Plus Travel system. As new R2000 onco.,2000.0
3,"Prams, Cots & Equipment :  City of Cape Town",superwood cot,2000.0
3,"Prams, Cots & Equipment :  City of Cape Town",Baby cot changer,400.0
3,"Prams, Cots & Equipment :  City of Cape Town",Baby pool,150.0
3,"Prams, Cots & Equipment :  City of Cape Town",Cot baby - toddler,1250.0
2,"Prams, Cots & Equipment :  City of Cape Town",second hand chelino carseat,250.0
0,"Prams, Cots & Equipment :  City of Cape Town",black scooter,100.0
3,"Prams, Cots & Equipment :  City of Cape Town",Camp cot R250,250.0
0,"Prams, Cots & Equipment :  City of Cape Town",High Chair,500.0
2,"Prams, Cots & Equipment :  City of Cape Town",black scooter in excellent condition,120.0
2,"Prams, Cots & Equipment :  City of Cape Town",Baby eating and sitting chair very good condition. Used only once. Go,650.0
3,"Prams, Cots & Equipment :  City of Cape Town",Denim woolworths baby nappy bag R150,150.0
3,"Prams, Cots & Equipment :  City of Cape Town",camping cot,550.0
1,"Prams, Cots & Equipment :  City of Cape Town",Babe cot top changer,400.0
0,"Prams, Cots & Equipment :  City of Cape Town",Baby feeding chair foldable,150.0
0,"Prams, Cots & Equipment :  City of Cape Town",Toddler 2in1 High Chair,550.0
2,"Prams, Cots & Equipment :  City of Cape Town",Brand new pink,350.0
2,"Prams, Cots & Equipment :  City of Cape Town",Pram,1300.0
0,"Prams, Cots & Equipment :  City of Cape Town",AngelCare sounds only monitor,400.0
2,"Prams, Cots & Equipment :  City of Cape Town",baby bath for sale in brand new condition,100.0
3,"Prams, Cots & Equipment :  City of Cape Town",Camping cot on wheels with light and plays tunes,400.0
0,"Prams, Cots & Equipment :  City of Cape Town",Feeding chair converts into table & chair,490.0
4,"Prams, Cots & Equipment :  City of Cape Town",Recaro Young Profi Car Seat and Isofix base - birth to 13kg,4000.0
4,"Prams, Cots & Equipment :  City of Cape Town",Graco car seat,650.0
2,"Prams, Cots & Equipment :  City of Cape Town",Angelcare Nappy Bin with Odour Seal,200.0
3,"Prams, Cots & Equipment :  City of Cape Town",Baby Goodies,950.0
0,"Prams, Cots & Equipment :  City of Cape Town",Chelino pram and Car Chair,1500.0
0,"Prams, Cots & Equipment :  City of Ekurhuleni Metropolitan Municipality",Baby car seat,500.0
4,"Prams, Cots & Equipment :  City of Ekurhuleni Metropolitan Municipality",high chair Activa Evo,750.0
2,"Prams, Cots & Equipment :  City of Ekurhuleni Metropolitan Municipality",Bottle sterilizer & bottle warmer,100.0
4,"Prams, Cots & Equipment :  City of Ekurhuleni Metropolitan Municipality",Baby feeding chair,450.0
1,"Prams, Cots & Equipment :  City of Ekurhuleni Metropolitan Municipality",Compressor nebulizer,400.0
4,"Prams, Cots & Equipment :  City of Ekurhuleni Metropolitan Municipality",Chicco Baby car seat and pram set,2500.0
4,"Prams, Cots & Equipment :  City of Ekurhuleni Metropolitan Municipality",Brand new baby Tricycle,900.0
4,"Prams, Cots & Equipment :  City of Ekurhuleni Metropolitan Municipality",Pram Graco + Rocking Chair - Like NEW,550.0
4,"Prams, Cots & Equipment :  City of Ekurhuleni Metropolitan Municipality",Brand new car seat,850.0
0,"Prams, Cots & Equipment :  City of Ekurhuleni Metropolitan Municipality",Baby gift set,100.0
4,"Prams, Cots & Equipment :  City of Ekurhuleni Metropolitan Municipality",chelino pram with car seat. stroller and bimbo seat,1200.0
1,"Prams, Cots & Equipment :  City of Ekurhuleni Metropolitan Municipality",Walking ring,300.0
1,"Prams, Cots & Equipment :  City of Ekurhuleni Metropolitan Municipality",Walking ring,600.0
2,"Prams, Cots & Equipment :  City of Ekurhuleni Metropolitan Municipality",Car bottle warmer,50.0
1,"Prams, Cots & Equipment :  City of Ekurhuleni Metropolitan Municipality",Walking ring,300.0
1,"Prams, Cots & Equipment :  City of Ekurhuleni Metropolitan Municipality",Walking ring,600.0
1,"Prams, Cots & Equipment :  City of Ekurhuleni Metropolitan Municipality",Dreambaby liberty security gate,500.0
1,"Prams, Cots & Equipment :  City of Ekurhuleni Metropolitan Municipality",Medela Mini Electric Breast Pump,800.0
1,"Prams, Cots & Equipment :  City of Ekurhuleni Metropolitan Municipality",Toddler bed,1300.0
4,"Prams, Cots & Equipment :  City of Ekurhuleni Metropolitan Municipality","baby pram, car chair, feeding chair etc",12000.0
4,"Prams, Cots & Equipment :  City of Ekurhuleni Metropolitan Municipality",Graco Car Seat,1000.0
1,"Prams, Cots & Equipment :  City of Ekurhuleni Metropolitan Municipality",Pink and black cot,400.0
4,"Prams, Cots & Equipment :  City of Ekurhuleni Metropolitan Municipality",Baby Items For new MOMMIES,750.0
3,"Prams, Cots & Equipment :  City of Ekurhuleni Metropolitan Municipality",Scooter,80.0
0,"Prams, Cots & Equipment :  City of Ekurhuleni Metropolitan Municipality",Baby Items,400.0
1,"Prams, Cots & Equipment :  City of Ekurhuleni Metropolitan Municipality",Camping Cot,550.0
1,"Prams, Cots & Equipment :  City of Ekurhuleni Metropolitan Municipality",Chicco Travel System,1500.0
1,"Prams, Cots & Equipment :  City of Ekurhuleni Metropolitan Municipality",Swing,280.0
4,"Prams, Cots & Equipment :  City of Ekurhuleni Metropolitan Municipality",baby pram,250.0
1,"Prams, Cots & Equipment :  City of Ekurhuleni Metropolitan Municipality",mamaroo4moms,1500.0
4,"Prams, Cots & Equipment :  City of Ekurhuleni Metropolitan Municipality",Twin Stroler pram,400.0
4,"Prams, Cots & Equipment :  City of Ekurhuleni Metropolitan Municipality",Nursery rocking chair with rocking footrest,2500.0
1,"Prams, Cots & Equipment :  City of Ekurhuleni Metropolitan Municipality",Pink and beige camp cot,400.0
0,"Prams, Cots & Equipment :  City of Ekurhuleni Metropolitan Municipality",Big special 8pce baby set. All in excellent condition,999.0
1,"Prams, Cots & Equipment :  City of Ekurhuleni Metropolitan Municipality",Video monitor,1900.0
1,"Prams, Cots & Equipment :  City of Ekurhuleni Metropolitan Municipality",Nania Car Seat,300.0
0,"Prams, Cots & Equipment :  City of Ekurhuleni Metropolitan Municipality",Baby Compactum Solid Wood,2000.0
4,"Prams, Cots & Equipment :  City of Ekurhuleni Metropolitan Municipality",bumbo chair,200.0
1,"Prams, Cots & Equipment :  City of Ekurhuleni Metropolitan Municipality",Moses basket stand,120.0
1,"Prams, Cots & Equipment :  City of Ekurhuleni Metropolitan Municipality",Slee Cot,3500.0
1,"Prams, Cots & Equipment :  City of Ekurhuleni Metropolitan Municipality",Slee Cot,3500.0
1,"Prams, Cots & Equipment :  City of Ekurhuleni Metropolitan Municipality",Slee Cot,3000.0
1,"Prams, Cots & Equipment :  City of Ekurhuleni Metropolitan Municipality",Car booster seat,50.0
0,"Prams, Cots & Equipment :  City of Ekurhuleni Metropolitan Municipality",5 drew baby,400.0
1,"Prams, Cots & Equipment :  City of Ekurhuleni Metropolitan Municipality",Slee Cot,3500.0
1,"Prams, Cots & Equipment :  City of Ekurhuleni Metropolitan Municipality",Slee Cot,3500.0
1,"Prams, Cots & Equipment :  City of Ekurhuleni Metropolitan Municipality",Slee Cot,3000.0
4,"Prams, Cots & Equipment :  City of Ekurhuleni Metropolitan Municipality",Used Graco Stealth Pram For Sale,300.0
1,"Prams, Cots & Equipment :  City of Ekurhuleni Metropolitan Municipality",Chelino Sport Runner combo,1200.0
4,"Prams, Cots & Equipment :  City of Ekurhuleni Metropolitan Municipality",4 piece Graco Quattro Deluxe travel system.,2900.0
1,"Prams, Cots & Equipment :  City of Ekurhuleni Metropolitan Municipality",Slee Cot,3500.0
1,"Prams, Cots & Equipment :  City of Ekurhuleni Metropolitan Municipality",Slee Cot,3500.0
1,"Prams, Cots & Equipment :  City of Ekurhuleni Metropolitan Municipality",Slee Cot,3000.0
0,"Prams, Cots & Equipment :  City of Ekurhuleni Metropolitan Municipality",Solid Yellow wood cot,1200.0
0,"Prams, Cots & Equipment :  City of Ekurhuleni Metropolitan Municipality",Baby Stuff,3500.0
0,"Prams, Cots & Equipment :  City of Ekurhuleni Metropolitan Municipality",Various baby necessaties,1499.0
2,"Prams, Cots & Equipment :  City of Ekurhuleni Metropolitan Municipality",Phillips avent bottle warmer,1000.0
1,"Prams, Cots & Equipment :  City of Ekurhuleni Metropolitan Municipality",Humidifier,250.0
2,"Prams, Cots & Equipment :  City of Johannesburg Metropolitan Municipality",Safetygates,295.0
3,"Prams, Cots & Equipment :  City of Johannesburg Metropolitan Municipality",Dreambaby baby gate available,450.0
3,"Prams, Cots & Equipment :  City of Johannesburg Metropolitan Municipality",Baby vibrating cusion,300.0
1,"Prams, Cots & Equipment :  City of Johannesburg Metropolitan Municipality",Chicco Oasys 1 Isofix car chair available,1300.0
1,"Prams, Cots & Equipment :  City of Johannesburg Metropolitan Municipality",Ferrari car seat,1000.0
1,"Prams, Cots & Equipment :  City of Johannesburg Metropolitan Municipality","Feeding Chair. New born car seat with pram, car seat & walking ring",2500.0
1,"Prams, Cots & Equipment :  City of Johannesburg Metropolitan Municipality",Safeway Titan 9-36kg car chair available,1000.0
0,"Prams, Cots & Equipment :  City of Johannesburg Metropolitan Municipality",Graco Pram,400.0
3,"Prams, Cots & Equipment :  City of Johannesburg Metropolitan Municipality",Playtex baby teetes,30.0
1,"Prams, Cots & Equipment :  City of Johannesburg Metropolitan Municipality",Baby feeder chair and Bimbo seat combo,650.0
2,"Prams, Cots & Equipment :  City of Johannesburg Metropolitan Municipality",Treehouse 3/4 kiddy beds,2000.0
2,"Prams, Cots & Equipment :  City of Johannesburg Metropolitan Municipality",brand new baby buggz isofix base,1000.0
3,"Prams, Cots & Equipment :  City of Johannesburg Metropolitan Municipality",Peg-PÃ©rego Book Plus S Travel System (like new),8500.0
0,"Prams, Cots & Equipment :  City of Johannesburg Metropolitan Municipality",Toddler Bed for sale,500.0
2,"Prams, Cots & Equipment :  City of Johannesburg Metropolitan Municipality",Sangoma,1200.0
2,"Prams, Cots & Equipment :  City of Johannesburg Metropolitan Municipality",Angelcare movement and sound monitor,500.0
2,"Prams, Cots & Equipment :  City of Johannesburg Metropolitan Municipality","Kids Toys, CD's",800.0
3,"Prams, Cots & Equipment :  City of Johannesburg Metropolitan Municipality",Playgro ball playnest - baby gym,650.0
1,"Prams, Cots & Equipment :  City of Johannesburg Metropolitan Municipality",bouncy chair,200.0
2,"Prams, Cots & Equipment :  City of Johannesburg Metropolitan Municipality",Angelcare nappy bin,100.0
2,"Prams, Cots & Equipment :  City of Johannesburg Metropolitan Municipality",Ingenuity Sway seat,1800.0
1,"Prams, Cots & Equipment :  City of Johannesburg Metropolitan Municipality",Baby / Toddler car seat,750.0
0,"Prams, Cots & Equipment :  City of Johannesburg Metropolitan Municipality",Chelino Pram,1000.0
4,"Prams, Cots & Equipment :  City of Johannesburg Metropolitan Municipality",Peg Perego Pliko P3 Switch,4000.0
1,"Prams, Cots & Equipment :  City of Johannesburg Metropolitan Municipality",Chicco Car Seat,2700.0
1,"Prams, Cots & Equipment :  City of Johannesburg Metropolitan Municipality",Graco car seat carrier with 2 car seat brackets,1500.0
2,"Prams, Cots & Equipment :  City of Johannesburg Metropolitan Municipality",BAMBINO Elite ISOFIX +- 1yr-12yrs (9-36kg) -Just like New,2600.0
0,"Prams, Cots & Equipment :  City of Johannesburg Metropolitan Municipality",Toddlers bed for sale,500.0
2,"Prams, Cots & Equipment :  City of Johannesburg Metropolitan Municipality",Silicone babby bottel nippels,31.0
0,"Prams, Cots & Equipment :  City of Johannesburg Metropolitan Municipality",Pram for sale,650.0
4,"Prams, Cots & Equipment :  City of Johannesburg Metropolitan Municipality",Chelino baby cot,1100.0
4,"Prams, Cots & Equipment :  City of Johannesburg Metropolitan Municipality",Wooden Baby Cot S023547A,799.0
0,"Prams, Cots & Equipment :  City of Johannesburg Metropolitan Municipality",I'm sale weeler and walker,650.0
2,"Prams, Cots & Equipment :  City of Johannesburg Metropolitan Municipality",Toy Pizza,80.0
2,"Prams, Cots & Equipment :  City of Johannesburg Metropolitan Municipality",Kids Tricycle : Brand new! !,250.0
1,"Prams, Cots & Equipment :  City of Johannesburg Metropolitan Municipality",Snuggle Time Car seat cover,200.0
3,"Prams, Cots & Equipment :  City of Johannesburg Metropolitan Municipality",Baby Travel bundle,4000.0
2,"Prams, Cots & Equipment :  City of Johannesburg Metropolitan Municipality",dream tubes or bed rails,250.0
2,"Prams, Cots & Equipment :  City of Johannesburg Metropolitan Municipality",Activity table for toddler,400.0
2,"Prams, Cots & Equipment :  City of Johannesburg Metropolitan Municipality",Fisher price jungle bounce chair,300.0
3,"Prams, Cots & Equipment :  City of Johannesburg Metropolitan Municipality",Peg Perego Pliko P3 Travel System,2500.0
1,"Prams, Cots & Equipment :  City of Johannesburg Metropolitan Municipality",Chicco car seat toddler,299.0
2,"Prams, Cots & Equipment :  City of Johannesburg Metropolitan Municipality",Disney Walking Ring,700.0
3,"Prams, Cots & Equipment :  City of Johannesburg Metropolitan Municipality",baby walking ring,50.0
2,"Prams, Cots & Equipment :  City of Johannesburg Metropolitan Municipality",bunk bed with desk,1000.0
2,"Prams, Cots & Equipment :  City of Johannesburg Metropolitan Municipality",Kangaroo weeride.com Child/Toddler bicycle seat,600.0
2,"Prams, Cots & Equipment :  City of Johannesburg Metropolitan Municipality",FISHERPRICE package deal (1 years old),3500.0
4,"Prams, Cots & Equipment :  City of Johannesburg Metropolitan Municipality",Carry cot,200.0
0,"Prams, Cots & Equipment :  City of Johannesburg Metropolitan Municipality",Blue pram,350.0
4,"Prams, Cots & Equipment :  City of Johannesburg Metropolitan Municipality",slee cot,1500.0
3,"Prams, Cots & Equipment :  City of Johannesburg Metropolitan Municipality",Graco travel system,2000.0
0,"Prams, Cots & Equipment :  City of Johannesburg Metropolitan Municipality",pram for sale,200.0
2,"Prams, Cots & Equipment :  City of Johannesburg Metropolitan Municipality",Medela double electric breast pump,6500.0
3,"Prams, Cots & Equipment :  City of Johannesburg Metropolitan Municipality",Baby Decor,100.0
1,"Prams, Cots & Equipment :  City of Johannesburg Metropolitan Municipality",Maxi Cosi car seat,400.0
4,"Prams, Cots & Equipment :  City of Johannesburg Metropolitan Municipality",Baby feeding pillows,300.0
3,"Prams, Cots & Equipment :  City of Johannesburg Metropolitan Municipality",Graco Eco Trio travel set,4500.0
2,"Prams, Cots & Equipment :  City of Johannesburg Metropolitan Municipality","Angelcare AC1300 - Video, Movement & Sound Monitor",2500.0
0,"Prams, Cots & Equipment :  City of Johannesburg Metropolitan Municipality",Peg Perego Twin Pram in excellent condition,2900.0
4,"Prams, Cots & Equipment :  City of Johannesburg Metropolitan Municipality",Mahogany Sleigh Baby Cot that converts into 3/4 Bed,3500.0
0,"Prams, Cots & Equipment :  City of Johannesburg Metropolitan Municipality",Quinny Moodd Pram in Immaculate Condition,7500.0
3,"Prams, Cots & Equipment :  City of Johannesburg Metropolitan Municipality",Baby stuff,1.0
4,"Prams, Cots & Equipment :  City of Johannesburg Metropolitan Municipality",Graco Camp Cot,950.0
3,"Prams, Cots & Equipment :  City of Johannesburg Metropolitan Municipality",Baby swing chair,300.0
3,"Prams, Cots & Equipment :  City of Johannesburg Metropolitan Municipality",Chelino Baby Sling,200.0
3,"Prams, Cots & Equipment :  City of Johannesburg Metropolitan Municipality",Baby Swing,300.0
2,"Prams, Cots & Equipment :  City of Johannesburg Metropolitan Municipality",Brand new Bumbo floor seat,400.0
2,"Prams, Cots & Equipment :  City of Johannesburg Metropolitan Municipality",GREAT PRICE! Breast pump,150.0
2,"Prams, Cots & Equipment :  City of Johannesburg Metropolitan Municipality",Pigeon bottle and food warmer,150.0
4,"Prams, Cots & Equipment :  City of Johannesburg Metropolitan Municipality",Graco Baby cot,2500.0
3,"Prams, Cots & Equipment :  City of Johannesburg Metropolitan Municipality",Baby Nursery Decor,150.0
2,"Prams, Cots & Equipment :  City of Johannesburg Metropolitan Municipality",Nursing pillow,100.0
2,"Prams, Cots & Equipment :  City of Johannesburg Metropolitan Municipality",Angelcare monitor,200.0
3,"Prams, Cots & Equipment :  City of Johannesburg Metropolitan Municipality",Various Baby Toys,300.0
0,"Prams, Cots & Equipment :  City of Johannesburg Metropolitan Municipality",Pram and infant seat,1000.0
1,"Prams, Cots & Equipment :  City of Johannesburg Metropolitan Municipality",mirror for rear facing car seat,150.0
2,"Prams, Cots & Equipment :  City of Johannesburg Metropolitan Municipality",Play mat set,500.0
0,"Prams, Cots & Equipment :  City of Johannesburg Metropolitan Municipality",Good quality pram,1400.0
2,"Prams, Cots & Equipment :  City of Johannesburg Metropolitan Municipality","hello im selling my staff ASAP,price neg",500.0
3,"Prams, Cots & Equipment :  City of Johannesburg Metropolitan Municipality",Baby tummy time mat,400.0
2,"Prams, Cots & Equipment :  City of Johannesburg Metropolitan Municipality",New jungle gym R12500.00 Free delivery and Installation,12500.0
1,"Prams, Cots & Equipment :  City of Johannesburg Metropolitan Municipality",Bambino child car seat 15-36kg,800.0
3,"Prams, Cots & Equipment :  City of Johannesburg Metropolitan Municipality",Video baby monitor,900.0
4,"Prams, Cots & Equipment :  City of Johannesburg Metropolitan Municipality",R1150-Peg prego feeding chair and cot cum cradle,1150.0
3,"Prams, Cots & Equipment :  City of Johannesburg Metropolitan Municipality",Travel System Combo,1800.0
0,"Prams, Cots & Equipment :  City of Johannesburg Metropolitan Municipality",Graco Baby Pram,2000.0
2,"Prams, Cots & Equipment :  City of Johannesburg Metropolitan Municipality",Stroller,180.0
0,"Prams, Cots & Equipment :  City of Johannesburg Metropolitan Municipality",Bunk Bed For Sale,1500.0
3,"Prams, Cots & Equipment :  City of Johannesburg Metropolitan Municipality",Baby Play Gym,175.0
2,"Prams, Cots & Equipment :  City of Johannesburg Metropolitan Municipality",Medela - Mini Electric Breastpump,450.0
0,"Prams, Cots & Equipment :  City of Johannesburg Metropolitan Municipality",Comfort Harmony Electric musical baby swing for sale,500.0
1,"Prams, Cots & Equipment :  City of Johannesburg Metropolitan Municipality",Awesome Chelino 0-18kg car chair available,550.0
2,"Prams, Cots & Equipment :  City of Johannesburg Metropolitan Municipality",Comfort Harmony electric Musical baby swing in a good condition,500.0
1,"Prams, Cots & Equipment :  City of Johannesburg Metropolitan Municipality",Lime green Bumbo seat available with belts,250.0
1,"Prams, Cots & Equipment :  City of Tshwane Metropolitan Municipality",Baby pram,1000.0
1,"Prams, Cots & Equipment :  City of Tshwane Metropolitan Municipality",Baby stroller for sale.,800.0
1,"Prams, Cots & Equipment :  City of Tshwane Metropolitan Municipality",Graco pram for sale,1000.0
4,"Prams, Cots & Equipment :  City of Tshwane Metropolitan Municipality",Wireless Baby Monitor,350.0
4,"Prams, Cots & Equipment :  City of Tshwane Metropolitan Municipality",Baby hanging crib,400.0
0,"Prams, Cots & Equipment :  City of Tshwane Metropolitan Municipality",Tommee Tippee Electric Breast Pump,450.0
2,"Prams, Cots & Equipment :  City of Tshwane Metropolitan Municipality",Baby Camping Cot with Matress,450.0
0,"Prams, Cots & Equipment :  City of Tshwane Metropolitan Municipality",Compactum,1000.0
4,"Prams, Cots & Equipment :  City of Tshwane Metropolitan Municipality",Bounce baby set,1300.0
0,"Prams, Cots & Equipment :  City of Tshwane Metropolitan Municipality",Ingenuity soothe & delight portable swing,800.0
0,"Prams, Cots & Equipment :  City of Tshwane Metropolitan Municipality",Safeway Titan Angelwings Car Seat,800.0
3,"Prams, Cots & Equipment :  City of Tshwane Metropolitan Municipality",Baby carry chair (New born),200.0
0,"Prams, Cots & Equipment :  City of Tshwane Metropolitan Municipality",Breast Pump,2800.0
0,"Prams, Cots & Equipment :  City of Tshwane Metropolitan Municipality",Winnie the pooh stroller,123.0
3,"Prams, Cots & Equipment :  City of Tshwane Metropolitan Municipality","Tiny love cot mobile, brand new never used",900.0
0,"Prams, Cots & Equipment :  City of Tshwane Metropolitan Municipality",Carrycot,400.0
3,"Prams, Cots & Equipment :  City of Tshwane Metropolitan Municipality",A NEW Chelino Tandem Stroller - Blue and Green(Twin Stroller),2800.0
1,"Prams, Cots & Equipment :  City of Tshwane Metropolitan Municipality",Chelino pram and car seat,800.0
0,"Prams, Cots & Equipment :  City of Tshwane Metropolitan Municipality",Kids Bed,6000.0
1,"Prams, Cots & Equipment :  City of Tshwane Metropolitan Municipality",3in1 babyrocker for sale,400.0
1,"Prams, Cots & Equipment :  City of Tshwane Metropolitan Municipality",Graco deluxe travel system,2000.0
1,"Prams, Cots & Equipment :  City of Tshwane Metropolitan Municipality",Baby strall for sale,1500.0
0,"Prams, Cots & Equipment :  City of Tshwane Metropolitan Municipality",Toddler swing,400.0
0,"Prams, Cots & Equipment :  City of Tshwane Metropolitan Municipality",Compressor nebulizer,250.0
4,"Prams, Cots & Equipment :  City of Tshwane Metropolitan Municipality",AngelCare monitor set,750.0
0,"Prams, Cots & Equipment :  City of Tshwane Metropolitan Municipality",Diaper dispenser,100.0
3,"Prams, Cots & Equipment :  City of Tshwane Metropolitan Municipality",New Medela bustier (white) size Large,350.0
2,"Prams, Cots & Equipment :  City of Tshwane Metropolitan Municipality",Zonic Baby camping cot,200.0
0,"Prams, Cots & Equipment :  City of Tshwane Metropolitan Municipality",Tiny Love Mobile,80.0
0,"Prams, Cots & Equipment :  City of Tshwane Metropolitan Municipality",Baba kot,1500.0
4,"Prams, Cots & Equipment :  City of Tshwane Metropolitan Municipality",Baby Items,850.0
3,"Prams, Cots & Equipment :  City of Tshwane Metropolitan Municipality",High baby chair and bumbo combo,1000.0
0,"Prams, Cots & Equipment :  City of Tshwane Metropolitan Municipality",Breast pump,123.0
3,"Prams, Cots & Equipment :  City of Tshwane Metropolitan Municipality",Maple melamine cot and matching compactum new,6500.0
4,"Prams, Cots & Equipment :  City of Tshwane Metropolitan Municipality","Snuza Sound, video and movement monitor",950.0
1,"Prams, Cots & Equipment :  City of Tshwane Metropolitan Municipality",Graco signature series travel system,2200.0
0,"Prams, Cots & Equipment :  City of Tshwane Metropolitan Municipality",Avent electric bottle sterilizer,1000.0
0,"Prams, Cots & Equipment :  City of Tshwane Metropolitan Municipality",Play gym,250.0
2,"Prams, Cots & Equipment :  City of Tshwane Metropolitan Municipality",Tiny Love Cot Mobile,600.0
2,"Prams, Cots & Equipment :  City of Tshwane Metropolitan Municipality",Wooden sleigh cot,5000.0
3,"Prams, Cots & Equipment :  City of Tshwane Metropolitan Municipality",Baby feeding chair,100.0
2,"Prams, Cots & Equipment :  City of Tshwane Metropolitan Municipality",Camping cot,550.0
4,"Prams, Cots & Equipment :  City of Tshwane Metropolitan Municipality",Baby pouch,250.0
0,"Prams, Cots & Equipment :  City of Tshwane Metropolitan Municipality",Lindan bounce about,200.0
1,"Prams, Cots & Equipment :  City of Tshwane Metropolitan Municipality",3 Weeler Chelino pram and carrier with camping cot,1000.0
0,"Prams, Cots & Equipment :  City of Tshwane Metropolitan Municipality",Tommee Tippee electric breast pump,800.0
0,"Prams, Cots & Equipment :  City of Tshwane Metropolitan Municipality",Safeway car seat,250.0
1,"Prams, Cots & Equipment :  City of Tshwane Metropolitan Municipality",Pram & car seat,1000.0
4,"Prams, Cots & Equipment :  City of Tshwane Metropolitan Municipality",Angelcare Movement and Sound Baby Monitor,700.0
0,"Prams, Cots & Equipment :  City of Tshwane Metropolitan Municipality",Fetal heart detector,300.0
1,"Prams, Cots & Equipment :  City of Tshwane Metropolitan Municipality",car bed for sale,2000.0
4,"Prams, Cots & Equipment :  City of Tshwane Metropolitan Municipality",Baby monitor,250.0
4,"Prams, Cots & Equipment :  City of Tshwane Metropolitan Municipality",baby chest of draws,1699.0
3,"Prams, Cots & Equipment :  City of Tshwane Metropolitan Municipality",Baby high chair for sale,400.0
0,"Prams, Cots & Equipment :  City of Tshwane Metropolitan Municipality",Stroller,300.0
1,"Prams, Cots & Equipment :  City of Tshwane Metropolitan Municipality",Girl/ Boy Mamas & Papas pram for sale,2000.0
0,"Prams, Cots & Equipment :  City of Tshwane Metropolitan Municipality",Baby Car Seat (Safeway),500.0
0,"Prams, Cots & Equipment :  City of Tshwane Metropolitan Municipality",Swaai vir kinders,300.0
2,"Prams, Cots & Equipment :  City of Tshwane Metropolitan Municipality",Graco pack and play camping cot,1800.0
1,"Prams, Cots & Equipment :  City of Tshwane Metropolitan Municipality",Little me 3 wheeler pram for R800,800.0
0,"Prams, Cots & Equipment :  City of Tshwane Metropolitan Municipality",Stokke Xplory in Blue,14000.0
2,"Prams, Cots & Equipment :  City of Tshwane Metropolitan Municipality",Wooden Baby Cot,1200.0
4,"Prams, Cots & Equipment :  City of Tshwane Metropolitan Municipality",Baby carrier,100.0
0,"Prams, Cots & Equipment :  City of Tshwane Metropolitan Municipality",Nania Car seat Booster,800.0
4,"Prams, Cots & Equipment :  City of Tshwane Metropolitan Municipality",Baby Name Numerology Services,144.0
1,"Prams, Cots & Equipment :  City of Tshwane Metropolitan Municipality",Grace Pram,1000.0
4,"Prams, Cots & Equipment :  City of Tshwane Metropolitan Municipality",Jeep baby carrier,300.0
0,"Prams, Cots & Equipment :  City of Tshwane Metropolitan Municipality",Feeding Comfort,50.0
2,"Prams, Cots & Equipment :  City of Tshwane Metropolitan Municipality",Personalised Cot Bedding (Christiaan),400.0
0,"Prams, Cots & Equipment :  City of Tshwane Metropolitan Municipality",Milton Sterilising Bucket,50.0
0,"Prams, Cots & Equipment :  City of Tshwane Metropolitan Municipality",Stokke izi sleep infant car seat,2000.0
0,"Prams, Cots & Equipment :  City of Tshwane Metropolitan Municipality",Chelino car seat,700.0
2,"Prams, Cots & Equipment :  City of Tshwane Metropolitan Municipality",Camp cot,300.0
1,"Prams, Cots & Equipment :  Emfuleni Local Municipality",Baby bAmbo seat,200.0
0,"Prams, Cots & Equipment :  Emfuleni Local Municipality",Chelino Travel system,1600.0
0,"Prams, Cots & Equipment :  Emfuleni Local Municipality",eating tray,800.0
1,"Prams, Cots & Equipment :  Emfuleni Local Municipality",baby stuff with snuggletime baby travel napper**whatsapp doesn't work*,350.0
0,"Prams, Cots & Equipment :  Emfuleni Local Municipality",Little One Camping Cot,500.0
1,"Prams, Cots & Equipment :  Emfuleni Local Municipality",baby play matt,400.0
1,"Prams, Cots & Equipment :  Emfuleni Local Municipality",Nania Car seat,250.0
0,"Prams, Cots & Equipment :  Mangaung Metropolitan Municipality",Angle care monitor te koop,850.0
2,"Prams, Cots & Equipment :  Mangaung Metropolitan Municipality",3 in 1 cot for sale,8000.0
0,"Prams, Cots & Equipment :  Mangaung Metropolitan Municipality",Safeway ISOFIX car seat,900.0
1,"Prams, Cots & Equipment :  Mangaung Metropolitan Municipality",Baby stroller,500.0
2,"Prams, Cots & Equipment :  Mangaung Metropolitan Municipality",Camping Cot,480.0
0,"Prams, Cots & Equipment :  Mangaung Metropolitan Municipality",Walker,400.0
0,"Prams, Cots & Equipment :  Mangaung Metropolitan Municipality",swimming aid,100.0
2,"Prams, Cots & Equipment :  Mangaung Metropolitan Municipality",Graco camping cot,1200.0
1,"Prams, Cots & Equipment :  Mangaung Metropolitan Municipality",Baby musical toilet chair (multi-function),170.0
1,"Prams, Cots & Equipment :  Mangaung Metropolitan Municipality",Baby carrier,200.0
0,"Prams, Cots & Equipment :  Mangaung Metropolitan Municipality",Angelcare Nappy Bin,70.0
1,"Prams, Cots & Equipment :  Mangaung Metropolitan Municipality",Baby walker,200.0
1,"Prams, Cots & Equipment :  Mangaung Metropolitan Municipality",Bambino Stroller goeie kondisie. Paar keer gebruik. Goeie Kondisisie,800.0
1,"Prams, Cots & Equipment :  Mangaung Metropolitan Municipality",Baby Jolly jumper,250.0
0,"Prams, Cots & Equipment :  Mangaung Metropolitan Municipality",Princess walking ring,400.0
0,"Prams, Cots & Equipment :  Mangaung Metropolitan Municipality",Baba pouch!,80.0
2,"Prams, Cots & Equipment :  Mangaung Metropolitan Municipality",Baby Camp cot,450.0
0,"Prams, Cots & Equipment :  Matlosana Local Municipality",Camper puik toestand,900.0
0,"Prams, Cots & Equipment :  Matlosana Local Municipality",Baby stroller for sale,1200.0
0,"Prams, Cots & Equipment :  Matlosana Local Municipality",Bear camper mint,500.0
1,"Prams, Cots & Equipment :  Matlosana Local Municipality",celino kar stoel,600.0
1,"Prams, Cots & Equipment :  Matlosana Local Municipality",celino kar stoel,650.0
0,"Prams, Cots & Equipment :  Matlosana Local Municipality",Nuk Bottles for sale!,300.0
0,"Prams, Cots & Equipment :  Matlosana Local Municipality",Tommy tippy bottle warmer,300.0
0,"Prams, Cots & Equipment :  Matlosana Local Municipality",Cot and Camper like new,1000.0
0,"Prams, Cots & Equipment :  Matlosana Local Municipality",Brandnew nappybag,200.0
0,"Prams, Cots & Equipment :  Matlosana Local Municipality",Wit plastiek badstoeltjie.,60.0
0,"Prams, Cots & Equipment :  Matlosana Local Municipality",Splinter nuwe karstoel,500.0
0,"Prams, Cots & Equipment :  Matlosana Local Municipality",Kinderstoeltjies te koop,499.0
0,"Prams, Cots & Equipment :  Matlosana Local Municipality",Angel camping cot,700.0
1,"Prams, Cots & Equipment :  Matlosana Local Municipality",celino kar stoel,600.0
1,"Prams, Cots & Equipment :  Matlosana Local Municipality",celino kar stoel,650.0
0,"Prams, Cots & Equipment :  Matlosana Local Municipality",Carseat carier,250.0
0,"Prams, Cots & Equipment :  Matlosana Local Municipality",Graco baby swing,650.0
0,"Prams, Cots & Equipment :  Matlosana Local Municipality",tommy tippy anti colic bottles,150.0
2,"Prams, Cots & Equipment :  Matlosana Local Municipality",Baba waentjie met karsitplek,2500.0
0,"Prams, Cots & Equipment :  Matlosana Local Municipality",Fisherprice baby swing,800.0
0,"Prams, Cots & Equipment :  Matlosana Local Municipality",Breastfeeding pillow,150.0
0,"Prams, Cots & Equipment :  Nelson Mandela Bay Metropolitan Municipality",Cot for sale - solid wood,600.0
0,"Prams, Cots & Equipment :  Nelson Mandela Bay Metropolitan Municipality",Kiddies chair,140.0
0,"Prams, Cots & Equipment :  Nelson Mandela Bay Metropolitan Municipality",Chelino Baby car seat,400.0
0,"Prams, Cots & Equipment :  Nelson Mandela Bay Metropolitan Municipality","Graco pram , baby rocker",250.0
0,"Prams, Cots & Equipment :  Nelson Mandela Bay Metropolitan Municipality",Tiny Love 3 in 1 rocker,900.0
0,"Prams, Cots & Equipment :  Nelson Mandela Bay Metropolitan Municipality",Hou baba desig vir uure,600.0
0,"Prams, Cots & Equipment :  Nelson Mandela Bay Metropolitan Municipality",Baby cot duvets and pillow slips,170.0
0,"Prams, Cots & Equipment :  Nelson Mandela Bay Metropolitan Municipality",Chelino twin/tandem stroler,1800.0
0,"Prams, Cots & Equipment :  Nelson Mandela Bay Metropolitan Municipality",Selling pram,650.0
0,"Prams, Cots & Equipment :  Nelson Mandela Bay Metropolitan Municipality",Pink harmony vibrating chair,400.0
0,"Prams, Cots & Equipment :  Nelson Mandela Bay Metropolitan Municipality",Baby pram,600.0
0,"Prams, Cots & Equipment :  Nelson Mandela Bay Metropolitan Municipality",Me & U pram for sale,500.0
1,"Prams, Cots & Equipment :  Nelson Mandela Bay Metropolitan Municipality",Nappy dispenser,400.0
1,"Prams, Cots & Equipment :  Nelson Mandela Bay Metropolitan Municipality",Angelcare nappy bin,200.0
1,"Prams, Cots & Equipment :  eThekwini Metropolitan Municipality",16 inch Princess bicycle,999.0
1,"Prams, Cots & Equipment :  eThekwini Metropolitan Municipality",Brand new bounce pram,699.0
0,"Prams, Cots & Equipment :  eThekwini Metropolitan Municipality",minnie mouse bed with mattress,1234.0
0,"Prams, Cots & Equipment :  eThekwini Metropolitan Municipality",minnie mouse bed with mattress,1234.0
0,"Prams, Cots & Equipment :  eThekwini Metropolitan Municipality",minnie mouse bed with mattress,123.0
0,"Prams, Cots & Equipment :  eThekwini Metropolitan Municipality",minnie mouse bed with mattress,123.0
3,"Prams, Cots & Equipment :  eThekwini Metropolitan Municipality",white wood cot,1650.0
1,"Prams, Cots & Equipment :  eThekwini Metropolitan Municipality",Hi i am selling kids pants,200.0
4,"Prams, Cots & Equipment :  eThekwini Metropolitan Municipality",Fisher-price potty for ur little one,400.0
3,"Prams, Cots & Equipment :  eThekwini Metropolitan Municipality",Little One Camp Cot,700.0
3,"Prams, Cots & Equipment :  eThekwini Metropolitan Municipality",camp cot,50000.0
0,"Prams, Cots & Equipment :  eThekwini Metropolitan Municipality",minnie mouse bed with mattress,1234.0
0,"Prams, Cots & Equipment :  eThekwini Metropolitan Municipality",minnie mouse bed with mattress,1234.0
0,"Prams, Cots & Equipment :  eThekwini Metropolitan Municipality",minnie mouse bed with mattress,123.0
0,"Prams, Cots & Equipment :  eThekwini Metropolitan Municipality",minnie mouse bed with mattress,123.0
0,"Prams, Cots & Equipment :  eThekwini Metropolitan Municipality",Doll play house,600.0
4,"Prams, Cots & Equipment :  eThekwini Metropolitan Municipality",Mickey Mouse potty,300.0
2,"Prams, Cots & Equipment :  eThekwini Metropolitan Municipality",Bmw baby car seat (ISOFIX),3500.0
0,"Prams, Cots & Equipment :  eThekwini Metropolitan Municipality",minnie mouse bed with mattress,1234.0
0,"Prams, Cots & Equipment :  eThekwini Metropolitan Municipality",minnie mouse bed with mattress,1234.0
0,"Prams, Cots & Equipment :  eThekwini Metropolitan Municipality",minnie mouse bed with mattress,123.0
0,"Prams, Cots & Equipment :  eThekwini Metropolitan Municipality",minnie mouse bed with mattress,123.0
3,"Prams, Cots & Equipment :  eThekwini Metropolitan Municipality",Solid Wood Baby Cot,950.0
2,"Prams, Cots & Equipment :  eThekwini Metropolitan Municipality",Disney baby walker,1500.0
1,"Prams, Cots & Equipment :  eThekwini Metropolitan Municipality",Chelino pram in good condition,550.0
0,"Prams, Cots & Equipment :  eThekwini Metropolitan Municipality",minnie mouse bed with mattress,1234.0
0,"Prams, Cots & Equipment :  eThekwini Metropolitan Municipality",minnie mouse bed with mattress,1234.0
0,"Prams, Cots & Equipment :  eThekwini Metropolitan Municipality",minnie mouse bed with mattress,123.0
0,"Prams, Cots & Equipment :  eThekwini Metropolitan Municipality",minnie mouse bed with mattress,123.0
2,"Prams, Cots & Equipment :  eThekwini Metropolitan Municipality",Baby stuff,1800.0
2,"Prams, Cots & Equipment :  eThekwini Metropolitan Municipality",Angelcare Movement & Sound Baby Monitor,800.0
2,"Prams, Cots & Equipment :  eThekwini Metropolitan Municipality","Bargain Bargain!!! Graco Travel System, Campcot + Rocking Chair R1500",1500.0
2,"Prams, Cots & Equipment :  eThekwini Metropolitan Municipality",Wooden rocking chair,1100.0
3,"Prams, Cots & Equipment :  eThekwini Metropolitan Municipality",Chelino camp cot,850.0
1,"Prams, Cots & Equipment :  eThekwini Metropolitan Municipality",Walking ring,250.0
1,"Prams, Cots & Equipment :  eThekwini Metropolitan Municipality",Pram and car seat combo,1000.0
3,"Prams, Cots & Equipment :  eThekwini Metropolitan Municipality",For Sale: Mahogany Sleigh Cot Excellent Condition,3400.0
4,"Prams, Cots & Equipment :  eThekwini Metropolitan Municipality",Graco Pram and Car seat and Fisher Price Rocker For Sale,1500.0
1,"Prams, Cots & Equipment :  eThekwini Metropolitan Municipality",baby pram in Excellent condition,600.0
2,"Prams, Cots & Equipment :  eThekwini Metropolitan Municipality",Baby High Chair,350.0
0,"Prams, Cots & Equipment :  eThekwini Metropolitan Municipality",Intex play pen,200.0
2,"Prams, Cots & Equipment :  eThekwini Metropolitan Municipality",White baby compactum,1800.0
2,"Prams, Cots & Equipment :  eThekwini Metropolitan Municipality",Baby bath tub with stand,450.0
1,"Prams, Cots & Equipment :  eThekwini Metropolitan Municipality","Walking Ring, as new",300.0
0,"Prams, Cots & Equipment : Other-SA",Toddler bed,600.0
1,"Prams, Cots & Equipment : Other-SA",Chico baby car seat,400.0
1,"Prams, Cots & Equipment : Other-SA",Red baby car seat,300.0
0,"Prams, Cots & Equipment : Other-SA",Jacket,150.0
0,"Prams, Cots & Equipment : Other-SA",Goodbaby feeding chair,350.0
0,"Prams, Cots & Equipment : Other-SA",Snookums warmer,200.0
3,"Prams, Cots & Equipment : Other-SA",Mahogany Sleigh Cot,2000.0
0,"Prams, Cots & Equipment : Other-SA",Goodbaby chair and feeding chair,500.0
2,"Prams, Cots & Equipment : Other-SA",Cadii box tas te koop,350.0
0,"Prams, Cots & Equipment : Other-SA",Jeep bsby carrier,300.0
0,"Prams, Cots & Equipment : Other-SA",Tommee Tippee Electric Breast Pump,900.0
0,"Prams, Cots & Equipment : Other-SA",Medela Maxi Swing Double Electric Breast Pump,2500.0
3,"Prams, Cots & Equipment : Other-SA",Deryan Peuter Box (Travel/Camp cot),1800.0
4,"Prams, Cots & Equipment : Other-SA",Baby chair,100.0
0,"Prams, Cots & Equipment : Other-SA",Chelino Pram/Stroller,600.0
1,"Prams, Cots & Equipment : Other-SA",Baby car seater,300.0
0,"Prams, Cots & Equipment : Other-SA",Rocking chair with foot rest,200.0
4,"Prams, Cots & Equipment : Other-SA",Baby walking ring,390.0
3,"Prams, Cots & Equipment : Other-SA",camping cot. loopring,450.0
0,"Prams, Cots & Equipment : Other-SA",Carseat and BathStand for BabyGirl,1400.0
0,"Prams, Cots & Equipment : Other-SA",Carseat and Bath for BabyGirl,1800.0
0,"Prams, Cots & Equipment : Other-SA","stokke pram for sale, Bargain",10000.0
4,"Prams, Cots & Equipment : Other-SA",Baby swing,150.0
0,"Prams, Cots & Equipment : Other-SA",iCandy Peach 2 in Black Magic with accessories,2000.0
3,"Prams, Cots & Equipment : Other-SA",Little One Cot,450.0
3,"Prams, Cots & Equipment : Other-SA",Little One Cot,450.0
3,"Prams, Cots & Equipment : Other-SA",Little One Cot,450.0
3,"Prams, Cots & Equipment : Other-SA",Little One Cot,450.0
0,"Prams, Cots & Equipment : Other-SA",3 in 1 Mima complete edition stroller with starter pack,7809.0
0,"Prams, Cots & Equipment : Other-SA",Compactum,500.0
0,"Prams, Cots & Equipment : Other-SA",Cot and compactum for sale!,5000.0
0,"Prams, Cots & Equipment : Other-SA",Baby feeding chair for sale,150.0
0,"Prams, Cots & Equipment : Other-SA",Mini mouse chair,600.0
2,"Prams, Cots & Equipment : Other-SA",Baba goed te koop,500.0
2,"Prams, Cots & Equipment : Other-SA",Baba monitor te koop,300.0
1,"Prams, Cots & Equipment : Other-SA",Pram stokke ezi car seat,7000.0
1,"Prams, Cots & Equipment : Other-SA",Graco booster seat,400.0
1,"Prams, Cots & Equipment : Other-SA",Chicco Isofix car seat,1000.0
3,"Prams, Cots & Equipment : Other-SA",Wooden cot bed,600.0
3,"Prams, Cots & Equipment : Other-SA",Wooden cot bed,500.0
3,"Prams, Cots & Equipment : Other-SA",Wooden cot bed,600.0
3,"Prams, Cots & Equipment : Other-SA",Wooden cot bed,500.0
3,"Prams, Cots & Equipment : Other-SA",Baby Camping Cot,2500.0
0,"Prams, Cots & Equipment : Other-SA",Winnie the pooh walking ring,450.0
0,"Prams, Cots & Equipment : Other-SA",Breast Pump,800.0
3,"Prams, Cots & Equipment : Other-SA",Carrie cot,400.0
4,"Prams, Cots & Equipment : Other-SA",Baby bath station,450.0
4,"Prams, Cots & Equipment : Other-SA",Baby combo,100.0
1,"Prams, Cots & Equipment : Other-SA",Cars themed booster seat,700.0
0,"Prams, Cots & Equipment : Other-SA",Rocking chair for sale,1000.0
4,"Prams, Cots & Equipment : Other-SA",baby goods,250.0
0,"Prams, Cots & Equipment : Other-SA",Brand new Madela Swing Breast Pump,1500.0
0,"Prams, Cots & Equipment : Other-SA",bimbo & bath combo,250.0
0,"Prams, Cots & Equipment : Other-SA",Karstoeltjie,300.0
0,"Prams, Cots & Equipment : Other-SA",Kiddies bed,750.0
1,"Prams, Cots & Equipment : Other-SA",Cot and car seat,1500.0
1,"Prams, Cots & Equipment : Other-SA",2x Nania Driver Car Seats,1000.0
3,"Prams, Cots & Equipment : Other-SA",Pink Chelino 6 in 1 cot,1195.0
0,"Prams, Cots & Equipment : Other-SA",Black stroller,800.0
4,"Prams, Cots & Equipment : Other-SA",Graco baby swing,500.0
0,"Prams, Cots & Equipment : Other-SA",Jumping Castles Water Slide Kiddies Tables Chairs FOR HIRE,500.0
4,"Prams, Cots & Equipment : Other-SA",Baby Equipmen,150.0
4,"Prams, Cots & Equipment : Other-SA",Baby Equipmen,450.0
4,"Prams, Cots & Equipment : Other-SA",Baby Equipmen,150.0
4,"Prams, Cots & Equipment : Other-SA",Baby Equipmen,450.0
0,"Prams, Cots & Equipment : Other-SA",For sale,350.0
0,"Prams, Cots & Equipment : Other-SA",baby/toddler feeding chair,265.0
4,"Prams, Cots & Equipment : Other-SA",baby products,2100.0
0,"Prams, Cots & Equipment : Other-SA",Walking ring,700.0
0,"Prams, Cots & Equipment : Other-SA",Pram and car chair,2000.0
0,"Prams, Cots & Equipment : Other-SA",Rocker -Harley Bike - New,2600.0
4,"Prams, Cots & Equipment : Other-SA",Baby pram,600.0
0,Toddler's Clothing & Accessories :  City of Cape Town,Baby sleepsuits x 18,300.0
0,Toddler's Clothing & Accessories :  City of Cape Town,2 size 5 dresses from America in Excellent used condition,70.0
0,Toddler's Clothing & Accessories :  City of Cape Town,Kiddies,50.0
0,Toddler's Clothing & Accessories :  City of Cape Town,Toddler levi dungree 12-18months,150.0
0,Toddler's Clothing & Accessories :  City of Cape Town,Bakugan themed rain boots (size 13),40.0
0,Toddler's Clothing & Accessories :  City of Cape Town,baby clothes black bag for sale,500.0
0,Toddler's Clothing & Accessories :  City of Cape Town,Second hand Baby Girl Clothing,10.0
0,Toddler's Clothing & Accessories :  City of Cape Town,Snuggletime preggie pillow,80.0
1,Toddler's Clothing & Accessories :  City of Cape Town,Woolworths baby shoes,50.0
0,Toddler's Clothing & Accessories :  City of Cape Town,Nido 3,220.0
1,Toddler's Clothing & Accessories :  City of Cape Town,Variety of girls shoes,250.0
1,Toddler's Clothing & Accessories :  City of Cape Town,Baby shoes 0-6 months,100.0
2,Toddler's Clothing & Accessories :  City of Ekurhuleni Metropolitan Municipality,Imported Mink Baby Blanket!!,199.0
0,Toddler's Clothing & Accessories :  City of Ekurhuleni Metropolitan Municipality,Snuggle Time wedge pillow. And the Sling thing. And nappies.,640.0
0,Toddler's Clothing & Accessories :  City of Ekurhuleni Metropolitan Municipality,Baby 4 in 1 play toy,150.0
2,Toddler's Clothing & Accessories :  City of Ekurhuleni Metropolitan Municipality,Baby blankets,25.0
2,Toddler's Clothing & Accessories :  City of Ekurhuleni Metropolitan Municipality,baby body suits - 0 to 24 months,160.0
0,Toddler's Clothing & Accessories :  City of Ekurhuleni Metropolitan Municipality,Kiepie Crawley swimming aid,250.0
0,Toddler's Clothing & Accessories :  City of Ekurhuleni Metropolitan Municipality,Toddler girls dresses,200.0
0,Toddler's Clothing & Accessories :  City of Ekurhuleni Metropolitan Municipality,Polar fleece blankets,180.0
0,Toddler's Clothing & Accessories :  City of Ekurhuleni Metropolitan Municipality,Elephant Support Cushions,399.0
0,Toddler's Clothing & Accessories :  City of Ekurhuleni Metropolitan Municipality,Humidifier,199.0
2,Toddler's Clothing & Accessories :  City of Ekurhuleni Metropolitan Municipality,"Secondhand Baby clothes for sale, lots and lots",1111.0
2,Toddler's Clothing & Accessories :  City of Ekurhuleni Metropolitan Municipality,Baby nursery wall decor,40.0
2,Toddler's Clothing & Accessories :  City of Ekurhuleni Metropolitan Municipality,Baby clothes,70.0
2,Toddler's Clothing & Accessories :  City of Ekurhuleni Metropolitan Municipality,2-3 year boys clothes,300.0
1,Toddler's Clothing & Accessories :  City of Ekurhuleni Metropolitan Municipality,Boys clothing,150.0
0,Toddler's Clothing & Accessories :  City of Ekurhuleni Metropolitan Municipality,Blankies,25.0
1,Toddler's Clothing & Accessories :  City of Johannesburg Metropolitan Municipality,Used baby girl clothings,750.0
0,Toddler's Clothing & Accessories :  City of Johannesburg Metropolitan Municipality,DIY Amazing GoGo,100.0
0,Toddler's Clothing & Accessories :  City of Johannesburg Metropolitan Municipality,Educational Toys for Pre Schools and Grade R RR RRR,100.0
0,Toddler's Clothing & Accessories :  City of Johannesburg Metropolitan Municipality,Boys Trackpant,20.0
0,Toddler's Clothing & Accessories :  City of Johannesburg Metropolitan Municipality,Soccer jumpsuits for sale,280.0
0,Toddler's Clothing & Accessories :  City of Johannesburg Metropolitan Municipality,Doll clothes,550.0
2,Toddler's Clothing & Accessories :  City of Johannesburg Metropolitan Municipality,Girls shoes - toddler sizes 8 and 9,40.0
2,Toddler's Clothing & Accessories :  City of Johannesburg Metropolitan Municipality,Newborn and 0-3 month boys clothes.,10.0
0,Toddler's Clothing & Accessories :  City of Johannesburg Metropolitan Municipality,Brand New Heart Frames,45.0
2,Toddler's Clothing & Accessories :  City of Johannesburg Metropolitan Municipality,12 to 18 moth toddler girls clothing,300.0
0,Toddler's Clothing & Accessories :  City of Johannesburg Metropolitan Municipality,Camping Cot,1000.0
1,Toddler's Clothing & Accessories :  City of Johannesburg Metropolitan Municipality,250 items baby clothes,1100.0
2,Toddler's Clothing & Accessories :  City of Johannesburg Metropolitan Municipality,New clothes for 1year pram walking ring,500.0
0,Toddler's Clothing & Accessories :  City of Johannesburg Metropolitan Municipality,Various,350.0
1,Toddler's Clothing & Accessories :  City of Johannesburg Metropolitan Municipality,2-3 yr girl winter bundle,70.0
1,Toddler's Clothing & Accessories :  City of Johannesburg Metropolitan Municipality,Baby cot,1200.0
0,Toddler's Clothing & Accessories :  City of Tshwane Metropolitan Municipality,Left foot SIZE 10,1000000000000.0
0,Toddler's Clothing & Accessories :  City of Tshwane Metropolitan Municipality,Bby twin seat,750.0
0,Toddler's Clothing & Accessories :  City of Tshwane Metropolitan Municipality,Girls clothes. 3 - 6 months.,200.0
0,Toddler's Clothing & Accessories :  City of Tshwane Metropolitan Municipality,Baby Name Numerology Services,144.0
0,Toddler's Clothing & Accessories :  City of Tshwane Metropolitan Municipality,Branded baby girl Clothes,50.0
0,Toddler's Clothing & Accessories :  City of Tshwane Metropolitan Municipality,sharpei puppy,600.0
0,Toddler's Clothing & Accessories :  City of Tshwane Metropolitan Municipality,Personal GPS Tracking for Kids,742.0
0,Toddler's Clothing & Accessories :  City of Tshwane Metropolitan Municipality,Girls Shoes For Sale Size 8,400.0
0,Toddler's Clothing & Accessories :  City of Tshwane Metropolitan Municipality,New all All Star Converse leather,350.0
0,Toddler's Clothing & Accessories :  City of Tshwane Metropolitan Municipality,Spiderman curtains x 3 plus 2 scatter cushions,450.0
1,Toddler's Clothing & Accessories :  City of Tshwane Metropolitan Municipality,Baba goed te koop,600.0
0,Toddler's Clothing & Accessories :  City of Tshwane Metropolitan Municipality,Nike shoes,250.0
0,Toddler's Clothing & Accessories :  Emfuleni Local Municipality,Wrist Rattles,60.0
0,Toddler's Clothing & Accessories :  Emfuleni Local Municipality,Child bear photographic costume age 1 to 2 years,200.0
0,Toddler's Clothing & Accessories :  Emfuleni Local Municipality,Nearly New Kids Clothing,1000.0
1,Toddler's Clothing & Accessories :  Emfuleni Local Municipality,Beautifull girls dresses,150.0
0,Toddler's Clothing & Accessories :  Matlosana Local Municipality,Baby stuff,950.0
1,Toddler's Clothing & Accessories :  Nelson Mandela Bay Metropolitan Municipality,18-24 months Girl clothes,500.0
0,Toddler's Clothing & Accessories :  Nelson Mandela Bay Metropolitan Municipality,Naartjie shirt and skirt set,50.0
0,Toddler's Clothing & Accessories :  Nelson Mandela Bay Metropolitan Municipality,Sling,100.0
1,Toddler's Clothing & Accessories :  Nelson Mandela Bay Metropolitan Municipality,Geox for kids,600.0
1,Toddler's Clothing & Accessories :  Nelson Mandela Bay Metropolitan Municipality,boys clothing. only one owner. 0-3 months.,350.0
1,Toddler's Clothing & Accessories :  eThekwini Metropolitan Municipality,Armani 6/12 months new,200.0
1,Toddler's Clothing & Accessories :  eThekwini Metropolitan Municipality,Hulk Mask & Cape,150.0
0,Toddler's Clothing & Accessories :  eThekwini Metropolitan Municipality,Baby milk bottles,250.0
1,Toddler's Clothing & Accessories :  eThekwini Metropolitan Municipality,Great gifts for kidz,140.0
0,Toddler's Clothing & Accessories :  eThekwini Metropolitan Municipality,Baby Boy's clothing 6-12 mths,120.0
1,Toddler's Clothing & Accessories :  eThekwini Metropolitan Municipality,Camera monitor with sound,250.0
1,Toddler's Clothing & Accessories :  eThekwini Metropolitan Municipality,Kids brand new clothes for sale,80.0
1,Toddler's Clothing & Accessories :  eThekwini Metropolitan Municipality,Leapfrog laptop for kids,300.0
0,Toddler's Clothing & Accessories :  eThekwini Metropolitan Municipality,baby clothes,60.0
0,Toddler's Clothing & Accessories : Other-SA,18-24 months toddler clothing bundle,150.0
0,Toddler's Clothing & Accessories : Other-SA,Hooded towels,75.0
0,Toddler's Clothing & Accessories : Other-SA,Elephant Onesie,350.0
0,Toddler's Clothing & Accessories : Other-SA,Toddler girl's shoes size 3 & 4,350.0
0,Toddler's Clothing & Accessories : Other-SA,Baby monitoring system (to swop),123.0
0,Toddler's Clothing & Accessories : Other-SA,Toddler Spider Man Bed,800.0
0,Toddler's Clothing & Accessories : Other-SA,2D muurprent,600.0
0,Toddler's Clothing & Accessories : Other-SA,NUK Medium teets,120.0
0,Toddler's Clothing & Accessories : Other-SA,Boys Clothing,400.0
0,Toddler's Clothing & Accessories : Other-SA,Dogtertjie baba klere,400.0
0,Toddler's Clothing & Accessories : Other-SA,Factory nappies,200.0
1,Toddler's Clothing & Accessories : Other-SA,Todler automatic car,2000.0
0,Toddler's Clothing & Accessories : Other-SA,Baba hempies,1.0
